CHROM	POS	ID	REF	ALT	BETA
1	6184092	rs2843493	A	G	-3.720578e-03
1	6693097	rs3174820	A	G	-7.612575e-03
1	6726401	rs200449	G	A	-4.994356e-04
1	10799577	rs12046278	T	C	 4.647538e-03
1	21840709	rs7535497	T	G	-2.804061e-02
1	21892479	rs12025623	C	T	-2.915649e-02
1	26202426	rs74378533	C	T	 1.167214e-03
1	47678458	rs6669341	A	G	-2.879416e-03
1	54661150	rs946448	C	T	 1.651420e-03
1	79392756	rs12754818	C	A	-1.852400e-02
1	89271574	rs786906	T	C	-1.781214e-02
1	102350747	rs12117918	C	T	 3.709487e-04
1	106333836	rs1657466	G	T	 3.948797e-03
1	150940625	rs267738	T	G	 1.081691e-02
1	152081921	rs2496253	G	C	-1.119934e-02
1	164604122	rs2792249	G	A	 3.428620e-04
1	204006095	rs41264273	A	G	 1.066515e-02
1	210914471	rs17016821	G	A	 2.253264e-02
1	212911836	rs15702	T	C	-1.806731e-02
1	244902468	rs6699271	G	A	 1.713596e-03
1	247836207	rs28711149	T	A	-6.973085e-03
10	24813454	rs10828663	G	A	 1.795694e-02
10	26463130	rs1999240	C	A	-3.139576e-03
10	34885870	rs7080914	A	G	-4.629758e-03
10	45958881	Affx-35292641	A	C	 4.293076e-03
10	54531235	rs1800450	C	T	-1.769258e-03
10	64069035	rs3864806	T	G	 7.413702e-03
10	70992664	rs874556	C	T	 1.269921e-03
10	77713225	rs4145021	T	C	-2.458757e-03
10	99439673	rs3818780	C	G	-2.521230e-03
10	108355874	rs1269918	C	T	 1.747830e-02
10	111886089	rs3731566	G	A	-1.824382e-02
10	128192985	rs11245007	C	T	-1.637658e-02
11	2439767	rs886277	T	C	 3.639352e-03
11	4389404	rs11310407	AG	A	 4.017594e-03
11	6129837	rs1462983	C	T	-5.455168e-03
11	30768678	rs10767873	C	T	 2.015428e-02
11	33106616	rs3758741	C	T	-7.083174e-03
11	56113516	rs1905055	T	C	 1.081542e-02
11	79065101	rs530965	C	T	 2.032882e-05
11	85850243	rs3844143	C	T	 2.155477e-03
11	93129482	Affx-52310818	A	AC	-1.191860e-02
11	104970852	rs1792770	C	T	-8.534506e-03
11	117965530	rs2276122	A	G	 5.867159e-04
11	118018022	rs628299	A	G	-5.333697e-04
11	124977280	rs7129315	T	C	 1.289608e-03
11	127063240	rs10790866	G	A	 1.071227e-03
12	6127609	rs61750595	G	A	-1.777262e-02
12	20905250	rs6487138	C	T	 1.364678e-03
12	29604392	rs1347570	C	G	-9.971419e-03
12	31250875	rs145461857	G	C	-8.848967e-04
12	50189833	Affx-52327274	GT	G	-7.482026e-03
12	52922470	rs695003	G	A	-2.588172e-02
12	53637466	rs7314769	C	T	-3.040616e-02
12	55714406	Affx-8202849	C	CA	 1.477086e-02
12	103248272	rs937475	A	G	-5.266633e-05
12	127994686	rs10744314	C	G	-6.968298e-03
13	38053631	rs9532064	G	A	-3.248638e-04
13	42671424	rs2767390	C	T	-1.215232e-02
13	42754522	rs4142110	T	C	 2.835325e-02
13	72989847	rs9318070	G	A	-1.364885e-02
13	87029810	rs1472630	G	A	-2.031999e-02
13	92643360	rs6492567	G	A	 1.095285e-02
13	96157116	rs4773912	T	C	-8.667613e-03
13	96180199	rs17189782	C	T	 2.447626e-02
13	96202741	rs9302080	G	A	-3.900821e-03
13	96850601	rs7322776	G	A	-7.765683e-03
14	20698239	rs1953558	T	C	-5.365747e-03
14	21480443	rs1243439	A	C	 2.272535e-02
14	23824536	rs10162489	C	T	-2.929205e-03
14	23861811	rs365990	A	G	-1.988548e-03
14	32427778	rs1126132	A	C	 2.579180e-03
14	38061742	rs7144658	C	T	 6.071209e-04
14	59532597	rs9323336	A	G	 1.005684e-03
14	66444344	rs1663332	C	T	-3.762963e-03
14	75904660	rs3625	A	G	 4.962959e-02
14	77793207	Affx-10946309	G	A	 6.075746e-03
14	107231967	rs17112078	A	G	-6.515793e-03
15	23947116	rs1852029	G	T	-8.891630e-03
15	25471157	rs2015598	A	G	-5.479066e-03
15	35086366	rs7166484	A	G	-1.391494e-02
15	54003091	rs551225	G	A	-1.679417e-02
15	58021257	rs656849	T	C	 1.576675e-03
15	64276772	rs34772505	C	T	 2.663302e-03
15	64323391	rs17789612	G	A	 8.328712e-03
15	77176158	rs3812908	T	C	-9.583807e-03
15	78390414	rs2289524	T	C	-1.626556e-03
15	86565996	rs1472380	T	G	 1.874178e-04
15	90016491	rs2075833	T	C	 2.342707e-03
15	90023558	rs17807723	G	A	 1.639846e-02
15	96440915	rs1376112	T	G	-8.530170e-04
15	98208510	rs289470	G	C	 2.890468e-03
15	101987694	rs7164069	T	C	-9.341751e-03
16	570454	rs11863276	T	C	 3.487378e-03
16	709001	rs4984906	C	A	-2.544502e-02
16	4080940	Affx-36018345	T	C	-1.235985e-02
16	4797457	Affx-12802070	C	T	 2.702662e-03
16	4816102	rs58729822	T	C	-4.770331e-04
16	5571609	rs12930683	A	G	-8.664360e-03
16	20361087	rs111285796	T	TTCTGCCAGA	 2.795210e-02
16	20400839	rs11864909	C	T	 2.453529e-02
16	20410547	rs9926580	C	T	 2.429119e-03
16	72184566	rs35370634	C	T	 1.365869e-02
16	72994891	rs78131410	T	C	 4.558492e-04
16	73429438	rs4636929	T	C	-3.406349e-03
16	78957646	rs34294483	CA	C	-1.692406e-02
16	81056441	rs3743503	T	G	 1.453636e-02
16	88552370	rs3751673	A	G	 8.175987e-03
17	5326145	rs12761	C	G	 6.847458e-03
17	18284262	rs570145	G	A	-2.769251e-04
17	20549720	rs60500325	A	G	 8.030334e-03
17	37814080	rs1877031	G	A	-3.200973e-02
17	39084504	rs9257	T	C	 7.167678e-04
17	39197499	rs3213755	G	A	 2.332811e-03
17	44109474	Affx-13930388	G	A	-6.934691e-03
17	48211533	rs11365	T	G	-1.276109e-02
17	70346698	rs9302946	T	C	-2.957906e-02
17	74387284	rs3803739	C	T	 1.756522e-02
17	77212575	rs57144229	A	G	-1.129406e-02
17	78171944	rs2066964	G	C	 2.100239e-02
18	25616451	rs1944294	A	T	 1.594203e-03
18	43296748	rs7227823	C	T	 4.664454e-03
18	46526191	rs2878901	G	A	 7.268981e-03
18	48190440	rs3752087	G	A	-5.973943e-03
18	51446441	rs60730177	C	T	 2.302501e-03
18	60668246	rs11661169	G	A	 1.220048e-03
18	65390041	rs1444104	A	G	-2.688708e-02
18	74702864	rs9676113	G	A	 7.065294e-03
18	76059593	rs12965863	C	T	-2.748254e-04
19	4236996	rs4740	G	A	-3.473641e-03
19	4335869	rs4435380	G	A	-7.178202e-03
19	7755285	rs28364072	A	G	-4.754674e-03
19	12494135	rs11666071	G	A	 1.241835e-03
19	12542652	Affx-52358357	C	CGA	 4.292042e-03
19	41888850	rs138731997	AGGGGACTGGGC	A	 1.379334e-03
19	47278859	rs3027961	C	G	 4.235635e-03
19	47588325	rs2287842	G	A	 4.156807e-03
19	48737706	rs2043211	A	T	-3.301575e-03
19	57649900	rs2370134	C	T	 1.449969e-02
2	4402719	rs6731378	A	C	 3.409131e-03
2	4404065	rs12476119	A	G	 1.192467e-03
2	5985174	rs2043004	G	A	 1.867629e-03
2	9868574	rs35969985	T	C	 8.094135e-03
2	20350783	rs10495703	C	T	 1.137546e-02
2	27730940	rs1260326	T	C	-1.878519e-02
2	39772004	rs10196602	C	A	 1.050793e-02
2	105197447	rs12479172	C	T	-2.259471e-04
2	112292847	rs4849800	C	G	-3.452366e-02
2	112832535	rs71385858	CAAT	C	 3.355042e-03
2	119967851	rs12464139	G	T	-1.513523e-02
2	129086082	rs10206478	G	A	-5.718702e-03
2	137051974	rs72847650	C	A	-1.566618e-02
2	152745363	rs10178110	A	G	-2.765427e-03
2	166006729	rs7565775	C	T	-3.609346e-05
2	175836843	rs3771917	T	C	-1.802639e-03
2	207041053	rs3732083	T	C	 7.742904e-03
2	207503668	rs11895936	G	A	 1.126976e-03
2	224690775	rs10933021	A	G	-3.048415e-02
2	224878569	rs12694627	C	T	 1.438848e-02
2	227896885	Affx-52335874	TC	T	 2.242785e-02
2	233243981	rs13026692	A	T	-1.471838e-02
2	234138714	rs10199994	G	C	-7.007179e-03
2	234255547	rs1046974	G	A	 2.919941e-02
2	234750542	rs3732215	G	C	-5.664489e-03
2	240323905	rs3215239	T	TG	 2.131077e-03
20	1792434	rs58532	G	A	 2.224875e-03
20	10236231	rs363018	A	G	-3.682067e-03
20	22284321	rs199791	T	C	 9.108306e-03
20	46840949	rs754743	T	C	-1.539278e-03
20	52705330	rs290409	C	T	-1.259820e-03
20	52742590	rs17217119	A	G	-1.356316e-02
20	57829301	rs259956	T	C	-2.362327e-03
21	37824955	rs4481073	T	C	 1.517422e-02
21	37834835	rs219776	T	C	-4.690774e-02
21	40604429	rs2836950	C	G	 1.766076e-02
22	23412058	rs3788338	G	A	 1.604199e-02
22	23503170	rs5759612	A	G	 5.975775e-03
22	43082826	rs130388	G	T	 3.417133e-03
22	45723807	rs11556482	G	C	-1.213146e-02
22	46493852	rs3747243	C	T	 1.791708e-03
3	45829995	rs2159272	A	G	 1.317309e-03
3	59354015	rs4679645	G	C	 5.622959e-03
3	98255392	rs1350790	T	G	-6.581207e-03
3	124728626	rs6438869	A	G	 4.864937e-03
3	124738107	rs59232004	C	T	 1.444015e-02
3	183778010	rs6807362	G	C	 7.182424e-03
3	183800463	rs7648737	G	A	 8.187620e-03
3	186337713	rs4917	T	C	-1.951467e-02
3	193835966	rs34473902	G	A	 1.764535e-03
3	195501149	rs2259292	C	T	 2.391783e-03
3	195518330	rs3107764	C	G	 2.201761e-02
4	5719230	rs6824184	A	G	-7.294670e-04
4	6606864	rs2301788	A	G	 7.661837e-04
4	76332975	rs2903698	A	G	-7.705448e-03
4	78235321	rs11935174	G	T	 6.597033e-03
4	80905740	rs28645467	T	C	 1.022616e-02
4	89052323	rs2231142	G	T	 2.049018e-02
4	115447914	rs13117126	C	T	-1.730000e-02
4	115534816	rs4585328	T	G	-2.697037e-02
4	144546484	rs34555115	C	T	 1.196205e-02
4	154678363	rs6857680	A	C	-6.610590e-04
4	189442256	rs11132559	G	A	 8.905502e-03
5	13902220	rs1530498	T	C	 9.926080e-04
5	14451047	rs27110	G	A	 6.261197e-04
5	26699082	rs7727950	T	C	-2.480207e-03
5	31893865	rs10472795	A	G	 8.194733e-03
5	33815471	rs10941096	T	G	-1.520283e-02
5	34450038	rs35138111	G	A	-5.951160e-03
5	38011531	rs2366974	A	G	 4.113487e-04
5	39364554	rs700233	G	A	-1.240474e-02
5	39429049	rs10062979	C	T	 4.155048e-03
5	44352344	rs1448037	T	C	 4.977412e-04
5	53853327	rs10052273	G	A	-6.364960e-03
5	54742941	rs3804264	G	A	 8.609092e-03
5	68616331	rs10471774	C	T	 6.887438e-03
5	72587455	rs4422515	G	T	 8.194265e-04
5	89943571	rs2366777	G	T	 9.791435e-05
5	101724448	rs10055840	G	C	-5.079359e-03
5	111504479	rs7703522	C	T	 3.646825e-03
5	123335648	rs330439	A	C	-3.950327e-03
5	128301885	rs2526247	T	G	-8.848808e-03
5	131324250	rs3043838	C	CTG	 2.852469e-02
5	167913510	rs244903	G	A	 2.230644e-04
5	169616591	rs11748644	T	C	 4.535919e-03
5	174103320	rs35314624	G	A	 4.270527e-03
5	176777493	rs4976645	G	A	 4.441026e-03
5	176794191	rs12654812	G	A	 3.297421e-02
5	176798306	rs11746443	G	A	 1.886140e-02
5	178122284	rs1984703	A	G	-1.227809e-03
6	7590624	rs2757594	C	T	 2.380054e-02
6	12903957	rs9349379	A	G	 1.205691e-03
6	30558477	rs72545970	G	GA	 3.658410e-04
6	30954245	rs1634730	T	C	 1.705158e-02
6	31274380	rs9264942	T	C	 1.413788e-02
6	31474000	Affx-28458228	G	A	-3.005166e-02
6	31938412	Affx-28465086	G	T	 9.766396e-03
6	32188640	rs520692	T	C	 2.451772e-02
6	32781776	rs2856997	C	A	 1.046962e-02
6	32811629	rs2071543	G	T	 1.408126e-02
6	39148170	rs55856036	A	C	 1.178387e-03
6	40273972	rs6918077	C	T	-1.737674e-04
6	40322580	rs4711631	C	A	-2.933096e-03
6	48467300	rs7747165	A	C	 3.888963e-03
6	50930598	rs1547211	C	T	 1.998965e-03
6	51538071	rs4715228	G	C	 4.263263e-03
6	70407465	rs12648	A	T	 2.641616e-02
6	74432923	rs56093139	C	T	 1.096605e-02
6	74497152	rs5023688	G	A	-6.051190e-03
6	100964147	rs240780	G	C	 1.697588e-03
6	108777100	rs981405	T	G	 9.258588e-03
6	120095538	rs9374827	G	A	 3.778726e-03
6	130328399	rs13203469	C	A	 6.314717e-03
6	134214525	rs12190287	C	G	-6.305454e-03
6	136589425	rs77081633	G	T	 4.587820e-03
6	161152240	rs4252125	G	A	 9.737196e-03
7	810219	rs4720951	T	C	 1.653998e-03
7	2854010	rs2644275	G	A	-4.372818e-04
7	12611252	rs6460967	T	C	-9.275378e-03
7	20180717	rs3735615	C	G	-3.973385e-03
7	20762646	rs62453384	G	T	 3.876955e-03
7	27560822	rs940525	C	T	-3.228160e-03
7	27580767	rs78767163	T	C	-8.874233e-03
7	27634726	rs1404278	T	C	-4.550315e-03
7	29070209	rs7313	G	A	-3.005071e-02
7	30831082	rs12701034	C	T	-1.463667e-02
7	34889222	rs10275028	T	C	-1.000066e-02
7	43687296	rs2240516	C	T	-2.967600e-03
7	70135447	rs11772110	T	C	-5.810516e-03
7	121249593	rs724813	T	C	-1.366683e-02
7	129664312	rs1464890	T	C	 6.062833e-03
7	139520944	rs60503820	G	A	 7.087613e-03
7	142572908	rs4987667	T	C	 1.170008e-02
7	150207687	rs12531779	G	T	 4.615810e-03
7	151415041	rs10224002	A	G	-6.817662e-03
7	155002664	rs12719668	A	C	-2.717143e-03
8	14384443	rs1461865	T	C	 1.771928e-03
8	23345526	rs732563	T	C	 8.420063e-04
8	95951916	rs5893310	GTGAC	G	-4.962885e-03
8	96468096	rs2221218	C	T	-3.151558e-03
8	96491425	rs7821591	G	T	-9.965087e-04
8	126962667	rs72728308	T	C	-1.927256e-03
8	142458053	rs6578185	A	G	-4.139352e-03
9	7799653	rs1127430	G	T	-4.236262e-03
9	20521903	rs10964593	A	G	 1.691133e-03
9	24495241	rs10812054	A	G	-1.230022e-02
9	75175048	rs7873761	T	G	 3.312977e-04
9	109691676	rs3814538	A	G	 6.675914e-03
9	114359624	rs1053959	C	A	 1.206420e-02
9	114454544	rs7869279	T	C	 1.291404e-02
9	129752239	rs10819260	C	T	 5.196414e-04
9	140128085	rs28407527	T	C	-1.691080e-02
X	3862645	rs17320845	A	G	 1.028882e-02
X	4151086	rs5916545	T	G	 1.371244e-02
X	4633714	rs6640699	G	T	 3.830361e-03
X	6508971	rs12841600	T	C	 1.404341e-03
X	6669882	rs5948753	T	C	 4.618095e-03
X	9349717	rs13362938	A	G	-3.494796e-03
X	9929400	rs734543	T	C	 1.105728e-02
X	12924826	rs3764880	A	G	-6.173119e-03
X	13267079	rs5979841	G	A	-1.198356e-02
X	15693367	rs4830979	A	G	-1.702630e-02
X	16042764	rs12846884	A	G	 9.073530e-03
X	18739086	rs5909213	G	C	-1.228315e-02
X	23285900	rs5971087	G	T	-4.453527e-03
X	23384395	rs5926298	C	G	-2.161931e-04
X	23415889	rs3810719	A	G	 1.275975e-02
X	28720136	rs196973	C	T	-1.815801e-02
X	30782994	rs5926956	T	G	-1.150918e-03
X	32580932	rs7057273	T	C	 1.457711e-02
X	40918617	rs1150525	G	A	-9.542461e-04
X	43000375	rs1983646	G	T	 5.051510e-03
X	43835793	rs5952416	C	T	 5.839161e-03
X	44039681	rs6609283	T	C	-1.271438e-02
X	68002246	rs7065977	A	G	-1.054668e-02
X	68033690	rs55698573	G	T	-1.424177e-02
X	79698593	rs1113265	C	G	-2.769912e-03
X	86556475	rs12847597	A	G	 8.309211e-03
X	90596159	rs525869	T	C	 1.200960e-02
X	94535408	rs3131391	C	T	 2.630624e-03
X	95202889	rs5949349	T	G	 3.502125e-03
X	99818223	rs58071178	G	C	-1.069058e-02
X	106200202	rs6622126	G	A	-8.869495e-03
X	106396402	rs1298577	A	G	-9.513897e-03
X	107406648	rs7050251	C	T	 2.065360e-03
X	107770928	rs28627520	C	T	 5.570082e-03
X	112893370	rs5929169	A	G	 1.816186e-03
X	116454068	rs2335744	T	C	-2.569757e-03
X	118027508	rs76769280	C	T	-4.164137e-03
X	118587003	rs3810755	C	T	-6.992085e-03
X	124425646	rs3924466	T	C	 1.827018e-03
X	128365470	rs2223197	A	G	-4.674882e-03
X	128374445	rs5932597	T	G	-1.063807e-02
X	134013529	rs5978053	T	C	-8.413549e-04
X	140990226	rs176034	C	T	 5.424371e-03
X	141328012	rs12390872	G	A	-8.197552e-03
X	142208007	rs2865226	G	A	-8.955937e-04
X	142967468	rs237520	T	G	-3.348422e-02
X	150868017	rs5970097	A	G	-2.514949e-03
X	150909307	rs35350051	G	T	 5.796075e-04
X	150921208	rs741726	G	T	 4.305709e-03
XY	1681017	rs5948969	G	T	-7.393456e-03
